<project>

    <modelVersion>4.0.0</modelVersion>
    <groupId>org.mongodb</groupId>
    <artifactId>mongo-java-driver</artifactId>
    <packaging>jar</packaging>
    <name>MongoDB Java Driver</name>
    <version>@VERSION@</version>
    <description>The MongoDB Java driver</description>
    <url>http://www.mongodb.org</url>

    <licenses>
        <license>
            <name>The Apache Software License, Version 2.0</name>
            <url>http://www.apache.org/licenses/LICENSE-2.0.txt</url>
            <distribution>repo</distribution>
        </license>
    </licenses>

    <scm>
        <url>https://github.com/mongodb</url>
    </scm>

    <dependencies>
    </dependencies>

    <developers>
        <developer>
            <name>Various</name>
            <organization>10gen</organization>
        </developer>
    </developers>

</project>
